id,username,password
1,fbautiste0,urEEVN8RHDk
2,kbenit1,HdohcQJgs
3,mscopyn2,WzAg59caBg
4,bcroughan3,i5RHHXac4i
5,asheehan4,pgpxwMacDJKZ
6,gwoodcroft5,5aVAYk
7,bvagges6,nQcvvEzx
8,fheinzler7,coTkT4HVj
9,ptowne8,7QluKZL
10,ereihill9,IiEXiwm
11,ebruhna,dNTMvu
12,goveryb,1TyU2TwF2l2Y
13,pduckhamc,ElrajB2
14,alomasnyd,fAuktGbKtTp
15,gbicklee,lJ7XShB8c43
16,vmiskenf,vsWagyfFHC
17,sfolleng,sYiqtHmCiS
18,cjeannaudh,DYJVKP9GRoN9
19,bgerleri,LIjbf41
20,kgrewcockj,OkvrVQIZpF
21,ggarrettsonk,rbsMgFMQh
22,geasdonl,tjLUSVlLr0FU
23,pclemittm,zemxH5yAVmRP
24,edudmeshn,1yBhXnk
25,nferno,jkOOgIA
26,rdownep,1oo6IW
27,ihartmannq,JFGmLlK8qbxl
28,mnicholesr,1fOMaXYe8B
29,ddeanesys,O6B1k4k
30,akiliust,hLJkPDQcirCt
31,vhansfordu,7UQyN6Udl4
32,obrightv,9l6KTTjOA
33,arumneyw,S2tlu8
34,xmegroffx,EFNkbKNi1
35,cjevony,roUn5pft5
36,musherz,5CU2R9r
37,gbairnsfather10,x3yBV2lGic
38,cskottle11,MUa9brVE
39,tkennford12,JS9KG0
40,sbeneix13,4HtyKC
41,bsevier14,wTg8svj
42,tmaddocks15,GwYN31ox8QT
43,aheinssen16,GYIn3bFAcB
44,gdanilenko17,KzeFQjNP7sLl
45,tponceford18,YreMnSMYhe
46,lprandoni19,J7MXMk
47,tlaxson1a,caYFZLRmQ
48,nderobertis1b,qEgnia5wDd
49,msidden1c,rlgPcfHqf2
50,aperch1d,NC5maa
51,sbotterman1e,vVMNKuQFMs
52,hivanyutin1f,8GFlJE
53,vshercliff1g,8QsRlVt
54,mbelch1h,XELEMkKwqpk6
55,fsustins1i,Xjtgezhm7
56,dswalteridge1j,xIZ6udTaEV
57,jpryor1k,NGLxf4jtdH64
58,ctibbits1l,nDpoqkI
59,tjacox1m,sHTEPnZ
60,dwimbush1n,sJhcmAdCJGF
61,edomican1o,VbQLay9oN9N
62,acankett1p,b3PoXVXP
63,tdyet1q,RPp0RU3L7hft
64,phullin1r,7RvgefLpByx
65,jdomleo1s,9RMiGO
66,fdouris1t,jkMbYsLD
67,dtebbet1u,P5qeYYtDM8E
68,rwreakes1v,fu3F5B82EHhi
69,pyanez1w,IXhg2MCftJn
70,acicconetti1x,kLaaUKTvvz1
71,dwicher1y,Funup8gars5v
72,abirchwood1z,2BLZCD
73,hcloutt20,rNO5aj0V
74,ktidy21,SEmM6H6cnc
75,ewinkell22,Nlt08DreFenG
76,mpellamont23,Hf3KWKs
77,gpott24,obE0YkbtgGJ
78,helen25,n7o3XR
79,jparley26,h0aWO4RYz
80,kgofford27,JstPulcFmpFC
81,hhuman28,8DmVgq
82,kcathie29,dO8ScvLuMB
83,rbourthouloume2a,VKfOWO5
84,hdyde2b,6fZUoyPs5LQc
85,lduckels2c,CE3X9lW
86,lgosneye2d,j5nPYWQt21
87,econstable2e,dXsHHM4QQD
88,ksammons2f,rap49Snw
89,mseif2g,rcnypOi4Ux
90,deckhard2h,6cGheR
91,ktremmil2i,tgNRmi
92,wdelbergue2j,NbhorS2H
93,rspinozzi2k,ImgIhW7lok0
94,dmatzel2l,nxC87N
95,gdegoe2m,BNYMopRVsj5
96,lfruser2n,L8JuPJ8kYdGr
97,lkneafsey2o,FsyJdbzBsg
98,dfellows2p,hKu0qAU
99,mspilstead2q,KmlbZG
100,plyford2r,bbmtVE
101,acanner2s,29QTdM
102,hjonathon2t,Rcwbv8bon5
103,alangfat2u,22NhAE
104,gavon2v,iTLDoBv8An1
105,lfeilden2w,k3X9CA9SbnwE
106,gricco2x,LNU27JC
107,dovanesian2y,ZBIinst
108,sjedrychowski2z,zYazgSM
109,frackley30,EdFIOM89tO
110,stomaello31,eclzLaNw5W
111,khabben32,4ihdnid
112,ctidbury33,e5E9DvF
113,taleksahkin34,pl4MzVL19M
114,ksmallcomb35,daRIB87Db
115,kdomokos36,ram9vt5
116,bcarle37,k4EzHWK
117,dlomas38,HDuiRKs3A
118,yovendon39,g9Zrg9DBxrtP
119,dmaides3a,j2eexxzJ
120,wchecci3b,xn2blTSQ
121,rlambotin3c,1Ro5Y3AA5f5
122,tgoundry3d,Vd2yU62
123,rkinnon3e,CuCuSfFe
124,lwhitwood3f,5LBLM1
125,ccobbe3g,DCg6dUkdwVDl
126,eochterlonie3h,9QXE9zh
127,rkrolle3i,FpDFnxb6PV
128,hfegan3j,XkTH9Ucm
129,smeaker3k,NbO5cTmvV
130,nbraddock3l,H3SRHCK84C
131,cschruyers3m,TeEKLv
132,sstruis3n,J3e0Ubh5Nh
133,scorrison3o,2524p5vtL
134,jharkins3p,bPl84oSA7p5
135,dbaldazzi3q,8c4rVsQNk
136,pdunkley3r,fPfH4eHtT
137,tthick3s,HAw8ifAXI
138,sstathers3t,ONVkhSfBQq
139,vandreia3u,lqKReCEndYsM
140,oguilford3v,ewVWbiLx
141,sdangeli3w,zYvzRB8P9ot
142,lclubb3x,6RBQB1LShfCa
143,amilberry3y,g3CGWQbTv9b
144,rdmitriev3z,tdlJ0S0V9
145,pbrownrigg40,lwcVgQxIf
146,sgethin41,cuMNqI2ka
147,echeltnam42,70vzrSgdsW
148,epinwell43,1m9cB3Lmw
149,lwindrum44,9MT2lKCqgnw
150,mstrathman45,JMgJyHx
151,hlynnett46,1JkZtFiM0n
152,kcallard47,2xdKgRK
153,rjuszczyk48,WIvc7mB
154,dlushey49,U8nMTwZmo
155,jokelly4a,sPguCHoQ
156,adrysdall4b,oQ5Zit
157,wpetkovic4c,FvubUNPi0Mdz
158,hburcher4d,1JBw1XlhyMFK
159,atreagus4e,3BZkW4IM
160,vsarney4f,VChwSL1V
161,bdickons4g,PvaxKWB
162,hbocken4h,PqeUNq1
163,pflowers4i,R3ubMl
164,ffreeborn4j,418o9ovE
165,mhammersley4k,kScnpdNp7
166,kmerck4l,jTqEaCdH
167,vyakebovitch4m,QRuwkQd
168,seingerfield4n,K2u0fUaGXX
169,ncohr4o,EHHpdqs
170,awiersma4p,MCIT1ri
171,jroblett4q,b0yF8iOe
172,cweatherell4r,GVPiNn
173,gteresa4s,6nSSp8ILLdN
174,bhulbert4t,XjkfIdreo
175,bdevoy4u,XZsXrUh2BaGi
176,lbompas4v,edjPT0Ul
177,ggrimsley4w,YkbfZw
178,rwiskar4x,YsoX33B1aj
179,pchace4y,erv8sOY4esZ
180,abonaire4z,lDqaUzXVScXY
181,penoch50,17Kuiz0
182,iiverson51,tzJP4vE
183,owagge52,P5yWki
184,tbreddy53,tVRNR2MOT
185,gebden54,PWei08
186,jfitzsimons55,qh4FCDEpe
187,hokeenan56,HxgJqrw
188,amellanby57,39jgHWB
189,yhayers58,AoynH5m
190,csplevin59,yr2eN5SVoeWB
191,oeshmade5a,Tw02NZc7pWN
192,fautie5b,A3HHxkW2go
193,abenger5c,bpP1QvJpg
194,achivrall5d,4vgkEFBO2P
195,ccleatherow5e,qpac3XPDOGT
196,rhuie5f,JBMqze8I
197,tmcroberts5g,7TXDeDtJxF
198,qarrighi5h,c2VFQG
199,lblowfield5i,bl9ycH
200,mmines5j,kkLfi3ZZM
201,ceadmeades5k,OOBzrK9gSyh
202,fcoviello5l,pDCnFgvDquxg
203,awarhurst5m,nrN26PYZ87
204,schetham5n,WzOqjuCdc5m
205,aclaricoates5o,hb9CIR
206,vfransewich5p,d6TPmR1
207,aedrich5q,tjg6kiL23
208,dawin5r,b0rRO0Dd07NH
209,ketheridge5s,yj578uP
210,nburrells5t,EFRSDXbXm
211,ctargetter5u,agWeImSuti9o
212,dnosworthy5v,7KWDZNd0cR
213,uwhilde5w,CY4P389r2ZFQ
214,hklimes5x,MMEVyni
215,fportsmouth5y,99oJwndpGQ
216,bbartoloma5z,ID5QrR
217,pmorrott60,XS5Mqu
218,jtanby61,Xf90YBTF
219,mbaudinot62,DLwRNdn
220,srockall63,AGbX4zAnq
221,cglynn64,TJLvS9os7
222,skohring65,JvW9NZWXXx
223,reltone66,Ms4TC9Fs17LN
224,sskocroft67,xFTQxV
225,cgadie68,WLZtW8T5F
226,stennant69,sydWuP2Kn7
227,apotteridge6a,iU9Euzw4
228,apendrich6b,qCK7rtS
229,kcremer6c,2el1MCTOJ
230,gmckevin6d,ftEtoe1D6xm
231,ahonnicott6e,oENu0jdsZkq
232,bduke6f,aAktb5QG4BeU
233,ddibbe6g,SS4JBJToE
234,lfieldgate6h,BwKQxnlFQ7A
235,ngounel6i,prPyYCr
236,rmacanellye6j,FdCZdb3lO1
237,gkearley6k,SfDf6aYLyPM
238,tfossitt6l,DBsr6y
239,fmcrinn6m,yoLICLL
240,mfalshaw6n,9TWjoZ
241,pmeriel6o,02q2msgZaq
242,grochell6p,wahgUzHA4M7
243,csissens6q,OEffx8xh
244,jdillimore6r,RXT0CBnPyg
245,apaolotto6s,FgFjBi
246,vmccolgan6t,J87GwXd8yok
247,jsorro6u,QVVz33X6zFzI
248,dprettejohns6v,Pv4oL7z
249,ttelling6w,Ihjfu2
250,hwreak6x,rhFHeTMTSGm
251,bmeneur6y,2HsBU6vZ
252,ddundridge6z,9DOMSqc9JXy
253,bpughe70,v72EZ9eNF
254,bpinson71,93ST53I3
255,gcarbert72,Ap9uG2unznd
256,alapidus73,FwDeyl4J
257,daugie74,mmoedFtBGFg
258,rstanway75,0Przq9Hk
259,jmundwell76,gL4WUB
260,jsurcomb77,b0ec014qmR
261,glindholm78,6MmbZ4W
262,nveeler79,iPcRVQ0srLZ
263,elively7a,e4Rz3fEJ21W
264,acotesford7b,Vs92CGX
265,bhighman7c,NebcoJP
266,droskell7d,Et5FmZ3hV
267,rshipperbottom7e,waNlxR5
268,zlampkin7f,oeEW7u93
269,akingescot7g,xlQOCD
270,mtrussman7h,2HyxVQmHUeo4
271,rrogeon7i,e2fB6hK8x
272,jpetric7j,4cBpMm7
273,rridewood7k,28LHKCea
274,rmerrikin7l,CNWCsqdtxBw
275,bleblanc7m,B5nHxH
276,alinger7n,xtqpWn0qe
277,nchalice7o,OCqKkzjiDE
278,ecameli7p,SIxjp0Jm1
279,bstenhouse7q,XQVCXe
280,dmcgillivrie7r,WqGwEo
281,jgarroway7s,Ljx9MR3u
282,kdabernott7t,0GAgD7sHoz
283,mgoldhill7u,8sjNzLxHwc
284,mdalesco7v,W6DgPMm6Y
285,bmarquez7w,IDzVQKcRz
286,kmaccahey7x,x0JNMG3VsFb
287,mgarter7y,ofmymCvF9d
288,smacanelley7z,0GxZDCy6NJ
289,vscouse80,7qA9ikj6n
290,hhardwin81,kvSzUMiSMJi
291,rbrauns82,IaneSdh
292,mrobottom83,MvuR2klQrC
293,jmurie84,OZPJt3E8H
294,ichesley85,aKDcM5aduq
295,mizkovitz86,gBfJrP
296,thalburton87,Lm0hisph
297,sshrimpling88,2PRvhr7Q
298,buwins89,HUcPewR4HF
299,pspeachley8a,xPI0AWA1h
300,crehm8b,K2CwUtk
301,tharback8c,KnB61kn
302,dbernollet8d,NYXnD6qEqwrz
303,ecaush8e,Qfr41oxYq
304,sdelaspee8f,RlqPJqxpn
305,pmacgee8g,3Cg11x0Z
306,amenauteau8h,RyONWSknfz
307,bandrieu8i,FAlXeTQU
308,pmcpartlin8j,c4hAX5hSHW
309,nescalante8k,8oYfdaAG0SI
310,amccahill8l,pL3JUWUBL0ak
311,rhagard8m,xmTMtVIzGV
312,jteaser8n,ycxozoB
313,cmacsporran8o,lw2hrUcw
314,moverill8p,DOnXG3
315,acrannach8q,94eYuPvwaN
316,avargas8r,mN1N7eAj
317,farnett8s,fyhlB3K
318,tmousdall8t,5hTHbn
319,brenhard8u,FzMHkp0vWDiz
320,rhuriche8v,yANGwTvmmk9m
321,jkegg8w,rkgNK7UE
322,hcawse8x,CmcEhcmG40dr
323,grusted8y,ilhHVQ
324,bmeriguet8z,zP8naVYOuAds
325,ebosnell90,N6oNxnbC
326,rroget91,J4NSnumz
327,gedmonson92,i0lhbu4mU
328,rmacphail93,0I2tS6q
329,csomerville94,9r8DLT7UB
330,awitherden95,vYtuA2xK
331,komalley96,Detlp9ief
332,thallen97,Mzvo0Z7u
333,msylvaine98,0gnl8k
334,trubinowitsch99,6eAkJ7
335,odrynan9a,lXoSDtNs4PNu
336,dsentance9b,Fo4xRg73G
337,blacroutz9c,4Vo25Q
338,esimnel9d,emBnby
339,cdrowsfield9e,MRnsvrY
340,ctoyer9f,QbcMVSBkp0
341,crosenbarg9g,axggPc6cMQ
342,dbeggan9h,VYmRnLQW
343,ddiehn9i,rJwU46jJpz9s
344,lgavini9j,vgx0X2iyHS
345,scarslaw9k,S8JYKyR
346,fmcmechan9l,mxC9Fd
347,smccarrison9m,k0YaUs799a
348,ccoulbeck9n,0MeBRMJD9oKD
349,asutherington9o,WNxsAu
350,pfetherby9p,VMjgmgIIb
351,dblackaby9q,pMXjDg3H4E
352,lmarryatt9r,PI16EU
353,icamfield9s,7qxbjg
354,eazemar9t,K2EOyvD7IOTV
355,mstirrup9u,KFlNAr1
356,acrowhurst9v,Lfe5Dht
357,fgainsbury9w,aFD6Ay7R
358,adoxsey9x,rFl736
359,bscarffe9y,R2KhBeAl
360,jkyles9z,QNy2mGIB
361,egarfirtha0,mBLYaLiaL
362,tdetocquevillea1,oftYjPcYOeB
363,rdavidsona2,Xa2xWlheF6S8
364,gjarrelta3,mzXvvelZnoG
365,abartolettia4,WcPtA4nqz550
366,tpinchena5,ZPshPgE
367,jbrislana6,nUClhQYB
368,kflippellia7,Vvo470UVJ4w7
369,vhugnota8,ZvNo5M
370,mlorenzoa9,Fms25qRRRje
371,dprobeyaa,jegL3BAfusdH
372,lrosaab,uu8L2bElN7
373,lhaytonac,cyzjZrPEH54
374,eadshadad,kPCLLxku9NGB
375,ssandomae,YCk0BsQE
376,bpattendenaf,WeGJEd
377,aroistoneag,K1ZufuIXXXkD
378,aeasterbrookah,CEYUkd2
379,wgaukrogerai,5Stng6I
380,nrandellaj,WAMgW5Gb
381,bbelisonak,F9sNYLVy2oVe
382,jrosenblumal,e45SIeC9U
383,cshowenam,559kQ8TF2E
384,adecourcyan,Q4Hz3JgL
385,gyellandao,ZoVttAznoZ8E
386,eormrodap,Vltime
387,sogormallyaq,CuQQeBmG
388,weburnear,Y4gsY97I4x
389,gbutterfillas,E5Iq24F1RE
390,asavageat,kV74Qi
391,cbugdellau,HlGudrNo
392,tcarlillav,ioMY8CCGKU
393,dallcockaw,3YTA2t0DC
394,mshotboulteax,LwQPkjxRRE
395,akarlikay,UhtCpbir6ImB
396,atrounceraz,2U9jemnoV
397,oslixbyb0,JyuxhyTHB2kj
398,ldullaghanb1,50yQXxpe
399,wspikingsb2,nnO883x
400,lmayorb3,vjyFe3Slk
401,cbollinsb4,1xl4VYp
402,dwillsb5,h5QyJxx2J9
403,glowmanb6,gLeLkQcY4K
404,cpetrovicb7,e6rOLzDKV
405,ceastmentb8,rgnMp2k1
406,tlorrimanb9,XAkSe0kKehn
407,leschba,lw7XHHO
408,kadolfsenbb,Mn2T5AV0Jwu
409,rsilkstonebc,Fm1GbH
410,hcorteneybd,OMRQegi65XP
411,dduckettbe,YGV93VAqthWS
412,kalldisbf,5fpkEx41
413,amcnellisbg,as17Kf6VuMS
414,sturbaynebh,5KklVk5
415,jmessombi,7w5QpdNxMB
416,dmadlebj,UdBdcgScwA
417,tmatthessenbk,kSGAIRIu0R
418,thickeringillbl,6YMkj46zXTL
419,bmcgilbonbm,PPmLJCcc
420,kjagielskibn,Xmrz19Qg
421,lbrunonebo,aFxkTlg9
422,mconingbp,9EOge7fM46
423,dhoustonbq,D7jahvXSe5R4
424,mparmanbr,ylE3wY
425,mflochbs,a3F59vAeAs11
426,ynorvellbt,UulmYbk
427,fguilaembu,ANZSPpmocP
428,bredihalghbv,2SIJ7oOxjY4
429,dbarbrickbw,7NmSFjp
430,ssebertbx,GX0f8cXSWS
431,lbrundleby,HAArVtkPmq
432,cpolyebz,CXjGlAutJZ
433,hglendenningc0,xBLaaTE
434,akinnanec1,2Ld3Bwg0hTe
435,ccreserc2,qFvK18l7FM
436,bkeerc3,8fv7Pd98aA
437,lungererc4,xLF9xdEXdvHB
438,ecleughc5,FuZvWZbCdW
439,gprattinc6,MfPqRKwkmrKA
440,crenackownac7,tKvl7QGrII
441,dfisbyc8,ic3NUiWUz
442,gwabbc9,sqzhbCmv
443,gmccullumca,b21z5WMmv
444,hlangeleycb,vakDSI
445,rlillimancc,sOJKYyNFE
446,vroartycd,V7NU9KlCl
447,tpynerce,ZyQJTXv5
448,cowensoncf,VmFofRvoLF
449,dmcclunecg,UsJ55qF
450,mcristofolch,TDDFZbPldJxU
451,pmaccomiskeyci,PweEjH
452,osinneycj,mwRwxXROe
453,bjurgensenck,ymZF2rzlnF
454,esalkeldcl,l6BPuD
455,jranycm,6jpwYM
456,rbrittiancn,OM4jNiasFC
457,llongmireco,P2wijf2PNo0k
458,jalvencp,fkybofVo
459,bstrutzcq,BWUNDSn
460,aizzattcr,lGwc1VcA
461,dbadinics,doYMV4sf3
462,bducketct,zHJUzPSYJ
463,ttrobridgecu,VW2QaiOmIa
464,hmussardcv,kO5LaOGIJR
465,ckeoughcw,pOlG3O
466,lglewcx,5Vu8I2Ua
467,emarlecy,hxKLRqhtiIH
468,tjudroncz,4BlqFtKJ
469,relcyd0,uNvrpyKzfqml
470,lmaltsterd1,vMvEUUvhn
471,dbowkleyd2,WlvVzdg1PV
472,kstanbrooked3,QuMvBqFgi
473,cselkirkd4,rXiBkGdy
474,aspofforthd5,EOWPnlOlu2m9
475,fabelwhited6,t5G6Ig
476,lwestmacottd7,UTjb0NL5D
477,pjaulmed8,muoZK7
478,bthirwelld9,X3rJhd6cvVTy
479,dkunkelda,eCGvPv69xS
480,nguitondb,LdO6rT
481,goscroftdc,ge2WQS5sZ
482,cbabstdd,FQonKZcNR3
483,ahouldende,Uwzxp4o3X7Ij
484,bcolliholedf,b98WjlWsY
485,sodempseydg,CTgFyDx
486,gchittleburghdh,eQxi4ZMv
487,asivierdi,N2iihlak
488,mlepinedj,DdeKm8G5lJqP
489,ehalltdk,5oLC6oZFQeV
490,aatrilldl,BoS1gWACrI
491,mdollindm,qCi7ti73m
492,nvasichevdn,Pth5GQAxtHNY
493,ocondiedo,YC0N2bnASm
494,jeveringhamdp,KjcSVCUVkHDr
495,screandq,63M0mk7fWbF
496,emarrowsdr,QSr2AKYD9Z
497,cburfordds,ay1Qf7l
498,jbiddlecombedt,Lat5mOnqdsX
499,cpincottdu,fFh8wuTwyPwK
500,ivolckerdv,zp3BlckK9rbF
501,cbrooktondw,YVol9NlIBcfq
502,dsayledx,Qb33V50qD
503,fengleydy,PSdAFgqrM
504,enoahdz,CQZl4m7g9
505,rshillame0,cLmz1TdV5Q
506,fgenthnere1,OKyScI8GCS
507,clilleycrope2,Te259Y
508,lchutere3,ZAdM8M8chT
509,mworsfolde4,iR7BLIYZ
510,adewfalle5,llsW4c
511,vjenckese6,8EGktetMBvl3
512,arobbekee7,9Eyt1p
513,sgoschalke8,tZTv3YoEBJ3
514,cmarikhine9,N5lNwK
515,bbreretonea,anDfmgA
516,fwraggeb,Dogyh1i
517,omclardieec,CEuqwE0osYK6
518,dbiaggettied,TrpE26T
519,jdidelloee,4ticx7gTf4
520,gdaunayef,77wB1w9Wz6T
521,smccaghaneg,xW6V5QW
522,bjopeeh,nOoBX1YH
523,bartissei,o7ZaA8Y1VoDh
524,bkingscoteej,qcrltbBjsaU
525,qayresek,6596aEJ5z3eR
526,etillsel,y9p4XU
527,lharrodem,YHkYGALFx
528,bfrangletonen,aOZk9l
529,jsquiereo,r7P4JI
530,jmussonep,QVta1IK
531,mandrysekeq,BX2jxoRJGqIu
532,ecordaller,75Ry4wSNOpA
533,araikeres,2XGN1H1lBACR
534,ejordansonet,8xhfqFh
535,ewelbrockeu,Z2vzap
536,ospenleyev,VmbJsGS4
537,mlagenew,HnWWLFTjzhi
538,pmcgiffieex,Ty0Iw2Md6j03
539,jtoffoloey,NjakWuCvH
540,myoungmanez,4d6VXM
541,mfouracresf0,RjFw6F
542,blemasneyf1,iZfYRpr6HVaP
543,sundyf2,ug94vLmQLal
544,jwoodroughf3,AmC4D6x
545,pfyldesf4,ymyPX94
546,abensleyf5,n3dEX6DxFN4e
547,ipacef6,xhVILSfC
548,bklessmannf7,kEDDpO2
549,gwillowsf8,Qf8odeUN
550,gskipf9,UfHm1W8JiXU
551,jgummaryfa,g6pwWM7hN9
552,dantognettifb,XMZc8beP
553,shavocfc,tb6VTz
554,blillegardfd,6Ds9J2VB
555,borrahfe,yKCP8Yw
556,ederlff,OYm95lBVT
557,ecraykefg,CgQc1ZMCB9
558,podoranfh,8ngTBy
559,cbillettfi,NiLHi4YmtpBI
560,wneaglefj,wfqDkX0wJ
561,afendlowfk,5ZH58aR1BG5Y
562,nperrigofl,5mhw3l
563,dlockierfm,NNicN3mTop
564,epiriefn,6DeL4RqNOq
565,dgiorgiellifo,qs09heB5
566,sryallfp,KMlP1ZF
567,rpundyfq,n6JhPkLm
568,jrowselfr,qICcj61BvmtK
569,gbracchifs,GQRboxfS84U
570,mmccrackenft,r37TbS7KLXk
571,alecointefu,2ydD6gimOIFq
572,medridgefv,8S5tl992acI
573,acosterfw,wP8kDVH
574,lbricknallfx,asuBxpWFEUDv
575,gtoderify,tJPaJY
576,ckingscotefz,xUEHqx6
577,kstogglesg0,AwUYw0H
578,dlitherboroughg1,9WCfD7ADXd
579,msandersong2,mJWjDUJ5Vc
580,nwigelsworthg3,xAeIaJ
581,mkimblingg4,3VtMZrv
582,vreasceg5,Ry83OA
583,teadmeadg6,GB07DrG4rLEI
584,rsuthernsg7,Vfy772m
585,agabbidong8,KZrrUfn
586,daizikowitzg9,cxWlhZ79
587,lmaddernga,LL2d2Zo4
588,rfanshawegb,YvzWqoN
589,mdenekampgc,F5d9JMoP7Hx
590,jdunstongd,ueZAyhd0y
591,hbrittlege,gie4QjYYFF
592,mferrygf,4ogLcI
593,rroostangg,ETsfUHNxg0d
594,dmusterdgh,22uwn2GD7M
595,araulstongi,3r8EuGIvYCPD
596,rolivigj,QRTAPtIS
597,mharfordgk,ZQAsWhSlfx
598,vardengl,RynKRK
599,tsaragm,UCZXBlMQw
600,mberegn,vi8eQSeTQL4J
601,sdiggergo,aQIKnd55ZV
602,ljackettsgp,d31jsn0QKQb
603,desselgq,ru4ECKNv
604,croosgr,PChVio
605,jhellekergs,Krz1qyp
606,acrisfordgt,rfjETl
607,aimmingsgu,VmlP1Kt
608,nrunniclesgv,63ro8r
609,sdarlastongw,rzWEnCY2
610,mcollumbellgx,i6UsSf4S
611,mrapsongy,uycw7XsqSHm
612,pmcclarygz,UzflyN
613,dsapsedh0,8jNviVPueQQQ
614,hfriaryh1,xS4kGOM4T5SK
615,rshortlandh2,apx92XTmd6JH
616,bjosephsonh3,AzZq3yBE
617,ffargherh4,x7iCRX
618,sgaroghanh5,iLUmVXcx
619,jyarrantonh6,UKA1Bj0XuK
620,cnettih7,jeBhxTZ0fSUm
621,rducarmeh8,GdI8Gx
622,kcotteyh9,PXwlDmmnH9uc
623,obrideauxha,oA5J5Z
624,sorbellhb,kDgaHg9Stdz
625,rrobenshc,7mo1O3J3c4c
626,ttyrwhitthd,MtilX3U
627,cfrankenhe,6xF1giD
628,bfletthf,gqD5N7VT3iw8
629,rgoriolihg,HUimGIEPFK5c
630,kvennhh,kUVwtCQf9c
631,dfassmanhi,zDQqkCih9tn
632,raleksankovhj,GByWnYVRh
633,kclendinninghk,iVNARDj7
634,kmclauchlinhl,t0XdpnxO
635,ocardnellhm,gj84SO4F
636,gbraggehn,NPYD1ad7VkgL
637,astaddartho,uZTCfujB
638,tbesanthp,7Yev9A43cx
639,bradbandhq,Yjz4h4It
640,kcantyhr,RRu5htiZ97
641,bcowlinhs,ExGoEODwK3
642,aallcornht,Om3irsIeO
643,eshubothamhu,xnOh96
644,aallowayhv,wzOAeumP8
645,bcavillahw,k8qApTu
646,rattridgehx,gKrOTc
647,jdacehy,T5Ia3iQlZM0Z
648,wmolnarhz,5BVQDOIh
649,kjoplingi0,nmIPd6YFU
650,ktaplowi1,VUV4lOc3
651,tpowlingi2,19kIujldP1
652,lcotterrilli3,qAJq3Y0Uu
653,rtrodleri4,qlkoSGjZ5g5D
654,rdetocquevillei5,80PWFh
655,skershowi6,2iFjIKW8G
656,mpleassi7,CQe0bk
657,acoomberi8,sDOZ5F7
658,jbrehati9,pLexwr
659,lmousdallia,HUjQ6Ke8
660,gcalvieib,j0FWaV
661,rchanceic,nCnQiPpfReW
662,cmartiniid,YzOmXNGvWUg
663,sblemingsie,IOgo66a
664,bbettinsonif,1wpd9BX
665,bmcdavittig,Os3DbT
666,dfullowayih,BhQOb8H
667,kcrannageii,in9hit1tk
668,sfaulkesij,DqbN2En
669,gnieldik,HX4smj4
670,dfeehilyil,USv0uznrDRg
671,rdedeiim,OJ7LM1ok6o
672,rtellingin,ih1h5pCNtpZ
673,celderkinio,YIWfvZTTi1P
674,rassanteip,a8lXumQkNF6T
675,wskeeniq,BXQaymHoqNq6
676,ejadoir,ujgWqLriMX8
677,scartmaelis,J3WjWTet5ZlD
678,kfeehelyit,d2jRx36jg1
679,mradouxiu,LI7pfQJkf0D
680,mlempkeiv,JcV3om
681,dtunnicliffiw,O9CXCYNti
682,arolinix,EjPPxTBx
683,vjeacockeiy,hR39s7ZV
684,pallflattiz,XRi1mnAF
685,ascotterj0,f1YVTLyjtrRr
686,ediemj1,TaKimms3
687,cmacskeaganj2,Iq90csOi
688,ddunslevej3,0wajORgOXaY
689,tnaperj4,BZbeAV
690,ashackesbyj5,XFrZhkPUVAUd
691,bvirginj6,nbQT36
692,ffeldmesserj7,aWy7qz
693,gthroughtonj8,EjTnNAdmSD
694,jpresnallj9,k1hMDf
695,kmorrissja,V7Pbbtip
696,ttrazzijb,P8EH0aslD3Oj
697,hewertjc,z58o3VcDr
698,mbreitlerjd,N4DFqcVHqV
699,amaleneyje,QgxK0Tu6
700,skennefickjf,yuHXZc8
701,apohlingjg,0j4egpp
702,ctaylderjh,tZazI8QcQaYw
703,gtayloji,ULFpjw
704,wcurrumjj,6hbe8sn
705,fcollimorejk,qJN17xkbF
706,rsavegejl,JFTsII
707,jtradewelljm,mfoFhvEG5
708,adomkejn,0qP3LqiyE
709,hmorinjo,vRoxmdr
710,qfriaryjp,OnW4l2f
711,shartnelljq,wdhS16aDYIXo
712,zellistonjr,MT81C02S8
713,bsheplandjs,0E4k1orFDc
714,cbohillsjt,7BhemQzyWvj
715,mgutteridgeju,LQRUY7wzX0qa
716,lmottjv,ylwp4rdj
717,cbraxtonjw,VVniOzkQO
718,whallenjx,H7p0J3vJKGKp
719,rhillamjy,nSB1OXTp5
720,jcockrilljz,TFED9jQYs6
721,sgodbeherek0,WB9u3QvY
722,trossonk1,CvWDKSAbnkS
723,acreightonk2,bC6wQQYtkhPp
724,llovemorek3,pG2lnThKsVH
725,cscarisbrickk4,miVzBb
726,ghandoverk5,wmzIrXBvJ2
727,oallebonek6,loPe5Qno8dV6
728,gbeadlek7,R82ega
729,ctuohyk8,0yEnWQevcc
730,ekeavek9,d7IpQKwLnULd
731,mginglellka,dO9h0rvMbP
732,kfenemorekb,nEJYmR2QeB8J
733,pcasselskc,KVix85hw
734,rcurtisskd,6fibEfHfJ9
735,omackaileke,wuhrP0Pg
736,wmactrustriekf,qkA64biYizS
737,lbraunlekg,DBZdgEvI5k
738,akellogkh,h93SuvTf90
739,htwelvetreeski,SyE4iL0
740,ldobellkj,bBgDZC
741,evanellikk,LHBKCpbpUHIn
742,fcammidgekl,5swwJwzwPH
743,vloudianekm,l9cpglm9TP
744,rankerkn,3marbtY
745,jrudsdaleko,nTlg11P6mcC
746,dcastellinokp,eqcQlLAK
747,lboylundkq,qkWT5IPyFDa
748,jashdownkr,HcnUUrf9kz7
749,sreadyks,2mgBvnSSM
750,hlusgdinkt,FehMuGx0p9
751,rsabbertonku,dQE74TGiCThe
752,araitkv,87PDRS9SZYJ
753,mduddellkw,5phuuwXW
754,tbortolussikx,1D7OUUmNiQ
755,fwalklettky,AIBsgjgk3
756,daxtenskz,tDRXjNVGM6
757,dheikkinenl0,aCRlAW
758,csollemel1,JnkVeEn
759,imontfortl2,Rr9gYvqqDZF
760,ddaubyl3,vGT3VMk
761,skingswoodl4,6w2S4YoxyQe2
762,mframptonl5,Lb9WcySjc
763,bdanielskil6,ZxuX0Xki4i
764,bcorrisl7,HS2uhmMc4
765,mkenneal8,x4zSMchAYo
766,theathwoodl9,FfO3Vn
767,qwindousla,9MGgutph
768,lharlowelb,TXnUJnssd
769,sgwalterlc,BaW5yco
770,dwalklottld,SwqGpN
771,lgerramle,ZFp5Uw
772,solliarlf,tadMhIw
773,hlymbournelg,xvT7erkfuMB
774,gbulfordlh,Bc3pqsNkzXf
775,rbyli,hHq2hRPWrq9h
776,ebeagleylj,vEBsjZO1
777,tcricketlk,CkP3G5ASv577
778,hpourvoieurll,xEGO0qWSBsYN
779,mlinfieldlm,Iyv0Nj70bk
780,eboxhallln,rHXUs8
781,babrahmovicilo,sadZWTuXW
782,jblicklp,H3d1wxsY
783,ksherreardlq,2CTDYbUra32
784,ccolmerlr,lEMLqD9
785,jmckiernanls,Kl9oRxqX0
786,abowbricklt,k2ZSZKRe
787,fguillartlu,KgDGXvU
788,yjentonlv,GI4ifn0eb
789,aharwinlw,WsxSIxn7L
790,gcoakerlx,M6mJXOhKok
791,rmachansly,QlObgokL1f
792,rfozardlz,bi0ILKy
793,evidineevm0,ms8GS1OJj8D
794,jgoddenm1,DgAGeaUvv
795,dhansellm2,dTuYZ1vQ
796,kbevesm3,K3FoFgCBqh
797,rsherbornem4,Mv9oWguor
798,kbeevorm5,V9YDbX6vB8f
799,jmclenaghanm6,4CnPL9Ab
800,hrosellim7,678TX2RhyI
801,hgunningm8,3oz3ehV
802,hbalharriem9,nA3c8NT2GEj5
803,mpeascodma,vFlGU92kJ
804,fprobetmb,BFUvQcQ0b9
805,jgrinvalmc,TWQq4cC
806,tjiracekmd,RHRcYB8d
807,lfalcome,Eyso5J8PiZ
808,ggorgenmf,5hD83JrN
809,mjakucewiczmg,USoweIdsY
810,lroutleymh,8wLJbP7iPV6d
811,tloosemoremi,izS4QPkCn
812,hjindramj,A7BN2snm
813,jmackibbonmk,JYfhQPb8MZSV
814,dwigginsml,1CvkTW3i3
815,gsimonellimm,dOuMXcXh
816,athamemn,AZbeyYI8
817,rchiesemo,vy40yNpCi4O
818,cepplemp,brIVHVoG
819,sflewittmq,YKqTkcsnZ2U
820,bratterymr,nmb0Wk4o
821,gmulhallms,5BiOfT
822,mcaddiesmt,N3GzBK
823,dpattisonmu,NVRYvki
824,fjanatamv,hBczwKKf2
825,bsawfootmw,1nHrDC70khbo
826,tobrianmx,yvjUEMlgh
827,edemeismy,UecP4ZidvK
828,phartlessmz,aMHZCF5aO
829,evernhamn0,GJVuGJztD
830,acausiern1,UpSwbVxZnR
831,hyandlen2,EINOH4
832,emanfordn3,pX7j2fE7Kt
833,ldickinsn4,Of5oB0hSB1lw
834,dtasselern5,jTuOrKcQF
835,keallisn6,caQIr2tg
836,sparfettn7,uPUjmDV
837,crugglesn8,3ncIa9FP9fXr
838,oaylesburyn9,rzkyqsYHZKEu
839,mscholarna,CA9tK0
840,apeizernb,yZAvnz4l6
841,jchasennc,UFRHdvMKz6
842,gthurgoodnd,7751AmV
843,tbolterne,bDIfTF
844,ktimmensnf,G4WEz6wBD
845,pbuxtonng,doqzdWqR
846,ctightnh,3cBZrAr
847,brumbelowni,KZvCcgZ
848,hpenrethnj,N1FYci
849,tetheredgenk,BtcopW
850,abultitudenl,2ONSvs
851,mrisbynm,n4JpEc
852,msousann,19wqYF
853,hfroomno,UcRGLaRs816A
854,tslamakernp,ogjwj6e
855,tpegdennq,57vrpnA2
856,lsivellnr,zLIJAGbEjuN3
857,pegarrns,4GnfXNMpDSUv
858,jimpsonnt,uug98kOSNQih
859,ssleathnu,HYNGif
860,adullardnv,cRIHKDL
861,hgoulstonnw,ihFHTE3s
862,ckuhnwaldnx,beM5kaSa5h
863,cgutteridgeny,1PGOKXRQRD5K
864,amuslimnz,7ydBCk6m
865,skellando0,wJISCwDEGT
866,bbaileso1,rRUWJuvfEqq
867,kmavino2,QEjCyJvWBCq
868,cpithericko3,bFsq1k
869,ekibblewhiteo4,MdI1IXKMW
870,bteazo5,Wxiokgb00DI
871,tcathenodo6,PWPPKXWOIXef
872,dgoodiero7,Jvn7s3qBJXHs
873,iriegero8,teoVnsGLyYo
874,cdaskiewiczo9,NmaOQ4YRE
875,aarrundaleoa,QCkFTJP6K
876,gkippingob,qir6Nslil1H
877,wduddleoc,LXvinSB6s
878,cbaylieod,m9w99Zgzb
879,idarkinoe,RBTvAqcQA
880,lmatuszewskiof,XHtdA6QW4
881,afellmanog,PlAPPc3BBB5
882,glainoh,tYeoBuoI6g
883,gskerrittoi,Lx76vA26
884,htuttiettoj,T3lCYt
885,dcaisleyok,4iz0o6Tse
886,bchingeol,ECC7WKtAmDy
887,cgameom,RjoPvwKZ
888,icroutearon,4gc0y1w
889,cbrothersoo,j38sKpDH
890,ryukhinop,sGyIV4fJ0b9
891,vwolveroq,611IdMAx9OS
892,bmussoor,FyxgDEz1c
893,jantonellinios,qZkdkRZ
894,emccartot,xS6QvA
895,hbluschkeou,biKUwgv
896,tattersollov,zP8tNqvv8N
897,kstledgerow,PLGqA7M
898,dwebberox,1MY5ygu
899,zrosenfieldoy,bLGWnHqG
900,jburbageoz,JR4IuGlHNbt
901,tblackborowp0,deyM9qQTdF
902,komaileyp1,qJskflwvU
903,lhorlockp2,IKaLyz7
904,emenendezp3,6sDPDYf
905,dmizzip4,65dhCS13pZ
906,kdeveyp5,30wyki
907,nomullenp6,3FP2Ry5
908,mlaveryp7,bUw5SspSjPto
909,gwimpp8,Syvn0bvj
910,cbeynep9,ELZRWBRno
911,dcisecpa,KDnLIYcP
912,mgelsthorpepb,9BCeCIJt72sD
913,tdavsonpc,El8FyuYI
914,aolunnypd,pBKAXRDZlf
915,cbootonpe,J9teZfDkVSWD
916,trosewellpf,gsRhNNK
917,roffapg,w5lHCT
918,rhorbathph,qemJvE
919,oblaikpi,Hjgee2dNBH5k
920,fyounglovepj,zRfDL7
921,rseilerpk,Vd9ZiRWTL
922,hbirminghampl,45N5eP
923,gvaldespm,CFtM6hl7
924,hgenthnerpn,Nw0Bm1NV8div
925,gcutresspo,ch30Oy
926,celflainpp,diJmTxIpGbR
927,wmuntpq,BfpDNuizmPS
928,ndagwellpr,k6RbfGE
929,lbaukhamps,iWJgRnzIDkV
930,sveigheypt,D5RE8qU8Vbn9
931,mlufkinpu,dVzzT8B8nqE
932,msillickpv,yc7rtRG
933,ddownerpw,OIbgTPYCG
934,lwilacotpx,AkH2DkTtQ8X
935,mgregorioupy,nL2iE2MQuq
936,tbendanpz,2FIUBa
937,gcollisonq0,zVsggkSEqrpt
938,ngarzq1,Zw0eGAbzqH7p
939,vshrubsallq2,3AXaay
940,mkinsleyq3,BcQHMABcyZ5o
941,myglesiaq4,F89kSXci
942,aoliveraq5,qAo63Xdz
943,ellywarchq6,ZZYh00TgRv
944,fwedlockq7,Ch0l8eXZGhqo
945,tmcgivenq8,syA07jme
946,caudusq9,3QEMiHf99
947,mexeterqa,W9qKoB
948,mbearcroftqb,KLLAm1tD
949,gbruunqc,01rjB10j
950,bshelveyqd,I0FVKlVFk
951,njagoeqe,vfPjOG
952,hwroughtqf,jbCGatg2iNC
953,fterransqg,SRWOFX4
954,cdudsonqh,PEHPfvLxZpeM
955,fdeaguirreqi,tAnil8PWFVUP
956,bbraganzaqj,PpDDYJ0
957,kkolodziejskiqk,g9SJQ4eVhokl
958,apigeonql,WmnartOXFaBj
959,gestabrookqm,vyCp8FwIhe
960,cswannieqn,7SQ4nr1eixk
961,battacqo,qOcFzSx
962,gchristophleqp,NQLr1g
963,gfarthinqq,SQBZD9rS4
964,epulsfordqr,ctuDCY00p
965,dgiovanazziqs,Kpz96C2PJdgD
966,kguyonneauqt,RspHxDXg4FtT
967,hlilloqu,v5NWnYovF
968,arymourqv,ldtlDj
969,cmannevilleqw,NMt5u0
970,larnaldiqx,19tama
971,hmaffucciqy,VbXxi44f
972,gchaddqz,z6KnzldBxJK
973,rpauleyr0,Quftaj
974,kswaiter1,dHcpfvDY3
975,jtumininir2,SGUNQBrjEa
976,rquaintancer3,teDj15DIGq7X
977,smeighanr4,asEM0FzY24W
978,lheusticer5,nxdTAV
979,kchippr6,NJBQULaVOB
980,cclitherowr7,AhHYlCNudKa
981,dlehucquetr8,poejpogB1mO
982,qmoycer9,la41IfOkv3d9
983,emcniffra,63nbmWJF
984,aliddingtonrb,7ksKety5
985,krolandrc,CxFgoxr7ElRD
986,lhanhartrd,EBHEeM6fS1U3
987,gmudgere,OSaHiIYPyP
988,ahitchensrf,hpmS1s8D2o6
989,apatronerg,yyQbykknqYOq
990,fmacquarrierh,ytFLCRXEA5H
991,cmudieri,ECw0dRvs64
992,bbootsrj,AABAOg
993,hgallegosrk,SqooBEP
994,emcchruiterrl,xM36AGKZN
995,stapnerrm,FAOTKx
996,ngeldartrn,XLcJlnrA
997,lroadknightro,74fcKYe9a
998,hlaugharnerp,UwdZRsnCJsm
999,cfilanrq,qPTpgP
1000,brickertsenrr,jkyVIOxP3
